{
"petrol" : [
 {"Location": "Bolton", "Year2005": 21.02620909, "Year2006": 19.82711769, "Year2007": 20.00326519},
 {"Location": "Bury ", "Year2005": 7.447445316, "Year2006": 7.543228022, "Year2007": 7.556126175}
 ]
}